"Account Name","Voucher No","Voucher Date","Bill Amount","Supplier Ref","Due Date","Maker Remark","Checker Status","Checker Remark","Product Name","Serial No","HSN/SAC","Purchase Rate","Quantity","Discount %","Margin %","Item Amount"
"Local Purchase","473","25-05-2026 19:41:00","1","Excess Items","2026-05-25","","Pending","","Alpenliebe Stick 28G","16600.0015","25","0.001","24","","99.99","0.024"
"","","","","","","","","","Bowl 07","16600.0015","74","0.001","7","","100","0.007"
"","","","","","","","","","Denver Body Spray 50 Ml Pride","16600.0015","380","0.001","6","","100","0.006"
"","","","","","","","","","Godrej Shampoo Hair Colour 10 Ml Black","16600.0015","610","0.001","29","","99.99","0.029"
"","","","","","","","","","Hershey Syrup 30 Gm","16600.0015","567","0.001","60","","99.99","0.06"
"","","","","","","","","","Lunch Box 1","16600.0015","201","0.001","1","","100","0.001"
"","","","","","","","","","Nestle Every Day 400 Gm","16600.0015","862","0.001","32","","100","0.032"
"","","","","","","","","","Sapphire Butter Toffee 550Gm","16600.0015","25","0.001","40","","100","0.04"
"","","","","","","","","","Snickers 40Gm","16600.0015","175","0.001","24","","100","0.024"
"","","","","","","","","","Spinz Deo Enchante 200 Ml","16600.0015","380","0.001","1","","100","0.001"
"","","","","","","","","","Steel Lunch Box","16600.0015","181","0.001","6","","100","0.006"
"","","","","","","","","","Sunil Cashew 250 Gm","16600.0015","1085","0.001","2","","100","0.002"
"","","","","","","","","","Tata Tea Gold 19 Gm","16600.0015","1075","0.001","19","","99.99","0.019"
"Hygienic Milk","466","24-05-2026 17:06:00","625",".1836","2026-05-24","undefined","Pending","","Lmk Bc Vn 1/2 Kg","16593.0015","476","125","1","","37.5","125"
"","","","","","","","","","Lmk Pts","16593.0015","476","5","100","","44.44","500"
"Hygienic Milk","465","24-05-2026 17:04:00","500","1835","2026-05-24","","Pending","","Lmk Bc Ch 1/2","16592.0015","476","125","2","","37.5","250"
"","","","","","","","","","Lmk Bc Vn 1/2 Kg","16592.0015","476","125","2","","37.5","250"
"Hygienic Milk","464","24-05-2026 16:39:00","200","1840","2026-05-24","","Pending","","Besan Burfi","16591.0015","203","200","1","","20","200"
"Hygienic Milk","461","24-05-2026 11:24:00","600",".1839","2026-05-24","","Pending","","Besan Burfi","16588.0015","203","200","3","","20","600"
"Hygienic Milk","460","24-05-2026 11:23:00","125",".1838","2026-05-24","","Pending","","Lmk Bc Vn 1/2 Kg","16587.0015","476","125","1","","37.5","125"
"Beauty Toys","459","24-05-2026 10:47:00","26691","3734","2026-05-24","","Pending","","Bt Toy 01","16586.0015","1023","510","4","","40","2040"
"","","","","","","","","","Bt Toy 01","16586.0015","1023","370","6","","38.23","2220"
"","","","","","","","","","Bt Toy 01","16586.0015","1023","110","12","","38.89","1320"
"","","","","","","","","","Bt Toy 01","16586.0015","1023","250","3","","37.34","750"
"","","","","","","","","","Bt Toy 01","16586.0015","1023","250","2","","37.34","500"
"","","","","","","","","","Bt Toy 01","16586.0015","1023","120","3","","39.7","360"
"","","","","","","","","","Bt Toy 01","16586.0015","1023","140","3","","36.36","420"
"","","","","","","","","","Bt Toy 01","16586.0015","1023","290","2","","38.3","580"
"","","","","","","","","","Bt Toy 01","16586.0015","1023","150","3","","40","450"
"","","","","","","","","","Bt Toy 01","16586.0015","1023","200","3","","37.5","600"
"","","","","","","","","","Bt Toy 01","16586.0015","1023","300","2","","39.88","600"
"","","","","","","","","","Bt Toy 01","16586.0015","1023","135","3","","38.64","405"
"","","","","","","","","","Bt Toy 01","16586.0015","1023","230","3","","37.84","690"
"","","","","","","","","","Bt Toy 01","16586.0015","1023","360","2","","39.9","720"
"","","","","","","","","","Bt Toy 01","16586.0015","1023","63.33","12","","36.03","759.96"
"","","","","","","","","","Bt Toy 01","16586.0015","1023","210","3","","37.31","630"
"","","","","","","","","","Bt Toy 01","16586.0015","1023","260","2","","37.35","520"
"","","","","","","","","","Bt Toy 01","16586.0015","1023","290","2","","38.3","580"
"","","","","","","","","","Bt Toy 01","16586.0015","1023","260","3","","37.35","780"
"","","","","","","","","","Bt Toy 01","16586.0015","1023","250","3","","37.34","750"
"","","","","","","","","","Bt Toy 01","16586.0015","1023","180","3","","39.8","540"
"","","","","","","","","","Bt Toy 01","16586.0015","1023","250","2","","37.34","500"
"","","","","","","","","","Bt Toy 01","16586.0015","1023","220","2","","37.14","440"
"","","","","","","","","","Bt Toy 01","16586.0015","1023","250","2","","37.34","500"
"","","","","","","","","","Bt Toy 01","16586.0015","1023","290","4","","38.3","1160"
"","","","","","","","","","Bt Toy 01","16586.0015","1023","170","3","","37.04","510"
"","","","","","","","","","Bt Toy 01","16586.0015","1023","220","2","","37.14","440"
"","","","","","","","","","Bt Toy 01","16586.0015","1023","90","2","","40","180"
"","","","","","","","","","Bt Toy 01","16586.0015","1023","220","3","","37.14","660"
"","","","","","","","","","Bt Toy 01","16586.0015","1023","320","3","","37.25","960"
"","","","","","","","","","Bt Toy 01","16586.0015","1023","170","4","","37.04","680"
"","","","","","","","","","Bt Toy 01","16586.0015","1023","230","4","","37.84","920"
"","","","","","","","","","Bt Toy 01","16586.0015","1023","211.667","3","","39.52","635.001"
"","","","","","","","","","Bt Toy 01","16586.0015","1023","230","3","","37.84","690"
"","","","","","","","","","Bt Toy 01","16586.0015","1023","310","3","","37.88","930"
"","","","","","","","","","Bt Toy 01","16586.0015","1023","0.001","3","","100","0.003"
"Hygienic Milk","458","24-05-2026 10:29:00","2750","1629","2026-05-24","","Pending","","Loose Milk","16585.0015","476","55","50","","8.33","2750"
"Hygienic Milk","457","23-05-2026 20:28:00","100","1837","2026-05-23","","Pending","","Besan Burfi","16584.0015","203","200","0.5","","20","100"
"Hygienic Milk","456","23-05-2026 19:19:00","300",".1833","2026-05-23","","Pending","","Besan Burfi","16583.0015","203","200","1.5","","20","300"
"Bhushan Bag House","455","23-05-2026 18:53:00","37470","Bbh/26-27/164","2026-05-23","","Pending","","Bb Sling Bag","16582.0015","80","80","6","","40.74","480"
"","","","","","","","","","Bb Sling Bag","16582.0015","80","220","6","","39.73","1320"
"","","","","","","","","","Bb Sling Bag","16582.0015","80","80","6","","40.74","480"
"","","","","","","","","","Bb Sling Bag","16582.0015","80","105","6","","40","630"
"","","","","","","","","","Bhushan Jute Bag 48","16582.0015","80","90","6","","40","540"
"","","","","","","","","","Bhushan Jute Bag 48","16582.0015","80","83","12","","40.71","996"
"","","","","","","","","","Bhushan Jute Bag 48","16582.0015","80","118","6","","40.7","708"
"","","","","","","","","","Bhushan Jute Bag 48","16582.0015","80","127","10","","39.52","1270"
"","","","","","","","","","Bhushan Jute Bag 48","16582.0015","80","32","25","","41.82","800"
"","","","","","","","","","Bhushan Jute Bag 48","16582.0015","80","103","10","","39.41","1030"
"","","","","","","","","","Bhushan Jute Bag 48","16582.0015","80","108","10","","40","1080"
"","","","","","","","","","Bhushan Jute Bag 48","16582.0015","80","98","10","","40.61","980"
"","","","","","","","","","Bhushan Jute Bag 48","16582.0015","80","68","10","","40.87","680"
"","","","","","","","","","Bhushan Jute Bag 48","16582.0015","80","138","10","","40","1380"
"","","","","","","","","","Bhushan Jute Bag 48","16582.0015","80","121","10","","39.2","1210"
"","","","","","","","","","Bhushan Kit Bag 16","16582.0015","80","60","6","","39.39","360"
"","","","","","","","","","Bhushan Kit Bag 16","16582.0015","80","53","6","","41.11","318"
"","","","","","","","","","Bhushan Kit Bag 16","16582.0015","80","75","6","","40","450"
"","","","","","","","","","Bhushan Kit Bag 16","16582.0015","80","26","6","","42.22","156"
"","","","","","","","","","Bhushan Kit Bag 16","16582.0015","80","29","6","","42","174"
"","","","","","","","","","Bhushan Pitthoo Bag 7","16582.0015","80","290","3","","39.58","870"
"","","","","","","","","","Bhushan Pitthoo Bag 7","16582.0015","80","220","3","","37.14","660"
"","","","","","","","","","Bhushan Pitthoo Bag 7","16582.0015","80","385","3","","39.37","1155"
"","","","","","","","","","Bhushan Travel Bag 01","16582.0015","80","235","3","","41.1","705"
"","","","","","","","","","Bhushan Travel Bag 01","16582.0015","80","275","3","","38.89","825"
"","","","","","","","","","Bhushan Travel Bag 01","16582.0015","80","390","3","","40","1170"
"","","","","","","","","","Bhushan Travel Bag 01","16582.0015","80","360","3","","39.9","1080"
"","","","","","","","","","Bhushan Travel Bag 01","16582.0015","80","450","3","","40","1350"
"","","","","","","","","","Bhushan Travel Bag 01","16582.0015","80","380","3","","39.68","1140"
"","","","","","","","","","Bhushan Travel Bag 01","16582.0015","80","480","3","","39.92","1440"
"","","","","","","","","","Bhushan Travel Bag 01","16582.0015","80","170","6","","39.29","1020"
"","","","","","","","","","Bhushan Travel Bag 01","16582.0015","80","395","3","","39.23","1185"
"","","","","","","","","","Bhushan Trolley Bag","16582.0015","80","837.5","1","","40.14","837.5"
"","","","","","","","","","Bhushan Trolley Bag","16582.0015","80","1105.5","1","","38.47","1105.5"
"","","","","","","","","","Bhushan Trolley Bag","16582.0015","80","1407","1","","36.02","1407"
"","","","","","","","","","Bhushan Trolley Bag","16582.0015","80","1230","1","","38.47","1230"
"","","","","","","","","","Bhushan Trolley Bag","16582.0015","80","820","1","","41.39","820"
"Hygienic Milk","454","23-05-2026 18:03:00","45000","1832","2026-05-23","","Pending","","Loose Desi Ghee","16581.0015","154","900","50","","10","45000"
"Hygienic Milk","453","23-05-2026 18:02:00","650","1831","2026-05-23","","Pending","","Gj Gulab Jamun","16580.0015","476","250","1.5","","16.67","375"
"","","","","","","","","","Khoya Burfi","16580.0015","476","550","0.5","","8.33","275"
"Hygienic Milk","452","23-05-2026 18:01:00","625","1830","2026-05-23","","Pending","","Lmk Bc Vn 1/2 Kg","16579.0015","476","125","1","","37.5","125"
"","","","","","","","","","Lmk Pts","16579.0015","476","5","100","","44.44","500"
"Hygienic Milk","451","23-05-2026 17:59:00","2200",".1860","2026-05-23","","Pending","","Loose Milk","16578.0015","476","55","40","","8.33","2200"
"Hygienic Milk","450","23-05-2026 17:57:00","2200","1628","2026-05-23","","Pending","","Loose Milk","16577.0015","476","55","40","","8.33","2200"
"Hygienic Milk","449","23-05-2026 17:56:00","1375","1627","2026-05-23","","Pending","","Loose Milk","16576.0015","476","55","25","","8.33","1375"
"Leela Associates","448","23-05-2026 17:42:00","4159","26-27/Buc-12601","2026-05-23","","Pending","","Amul Masti Dahi 200 Gm","16575.0015","993","21.74","70","","13.04","1521.8"
"","","","","","","","","","Amul Masti Dahi 400Gm","16575.0015","993","43.56","56","","12.88","2439.36"
"M/S Shashi Bhushan Manoj Kumar Aeron","447","23-05-2026 17:31:00","19464","1550","2026-05-23","","Pending","","Capsicum","16574.0015","1029","15","15","","11.76","225"
"","","","","","","","","","Carrot","16574.0015","1029","22","5","","12","110"
"","","","","","","","","","Hara Dhania","16574.0015","1029","30","3","","14.29","90"
"","","","","","","","","","Mango","16574.0015","994","78","31.5","","13.33","2457"
"","","","","","","","","","Onion","16574.0015","1029","18","70.5","","14.29","1269"
"","","","","","","","","","Packing Plastic Film","16574.0015","923","27.769","130","","7.44","3609.97"
"","","","","","","","","","Pizza Cheese 1Kg","16574.0015","815","472","24","","21.33","11328"
"","","","","","","","","","Veg Sweet Corn","16574.0015","994","75","5","","11.76","375"
"M/S Shashi Bhushan Manoj Kumar Aeron","446","23-05-2026 17:03:00","54546","1551-1552-1553-1554","2026-05-23","","Pending","","Apple","16573.0015","994","167.8","10","","11.68","1678"
"","","","","","","","","","Apple Improted","16573.0015","994","238.056","18","","11.83","4285.008"
"","","","","","","","","","Arbi","16573.0015","1029","39.6","5","","12","198"
"","","","","","","","","","Banana Kg","16573.0015","1029","40.645","77.5","","11.64","3149.9875"
"","","","","","","","","","Bitter Gourd","16573.0015","1029","17.586","14.5","","12.07","254.997"
"","","","","","","","","","Brinjal","16573.0015","1029","30.8","5","","12","154"
"","","","","","","","","","Brinjal Long","16573.0015","1029","30.8","5","","12","154"
"","","","","","","","","","Cabbage","16573.0015","1029","10.476","10.5","","12.7","109.998"
"","","","","","","","","","Capsicum","16573.0015","1029","17.5","10","","12.5","175"
"","","","","","","","","","Carrot","16573.0015","1029","22","5","","12","110"
"","","","","","","","","","Cholai Saag","16573.0015","1029","13.2","10","","12","132"
"","","","","","","","","","Chukander","16573.0015","1029","35","10","","12.5","350"
"","","","","","","","","","Contola","16573.0015","1029","88.333","3","","11.67","264.999"
"","","","","","","","","","Cucumber","16573.0015","1029","22","20","","12","440"
"","","","","","","","","","Daab Coconut","16573.0015","1029","70.5","20","","11.88","1410"
"","","","","","","","","","Ginger","16573.0015","1029","168","5","","11.58","840"
"","","","","","","","","","Green Beans","16573.0015","1029","88","5","","12","440"
"","","","","","","","","","Green Chilli","16573.0015","1029","48","10","","12.73","480"
"","","","","","","","","","Hara Dhania","16573.0015","1029","30.8","5","","12","154"
"","","","","","","","","","Kheera Desi","16573.0015","994","17.5","52","","12.5","910"
"","","","","","","","","","Lady Finger","16573.0015","994","26.364","22","","12.12","580.008"
"","","","","","","","","","Lemon","16573.0015","1029","5.28","375","","12","1980"
"","","","","","","","","","Loki","16573.0015","1029","13.143","35","","12.38","460.005"
"","","","","","","","","","Malta Orange","16573.0015","994","137","15","","11.61","2055"
"","","","","","","","","","Mango Dasheri","16573.0015","994","65.957","23.5","","12.06","1549.9895"
"","","","","","","","","","Mango Safeda","16573.0015","994","78.952","62","","12.28","4895.024"
"","","","","","","","","","Mango Tota","16573.0015","994","48.5","20","","11.82","970"
"","","","","","","","","","Matar","16573.0015","1029","61.6","5","","12","308"
"","","","","","","","","","Melon","16573.0015","994","26.375","80","","12.08","2110"
"","","","","","","","","","Onion","16573.0015","1029","18.582","141","","11.51","2620.062"
"","","","","","","","","","Orange","16573.0015","994","203.529","8.5","","11.51","1729.9965"
"","","","","","","","","","Papaya","16573.0015","994","48.667","30","","11.51","1460.01"
"","","","","","","","","","Pears","16573.0015","994","190","13","","11.63","2470"
"","","","","","","","","","Pine Apple Rani","16573.0015","1029","84","12","","11.58","1008"
"","","","","","","","","","Pomegranate","16573.0015","1029","212.105","9.5","","11.62","2014.9975"
"","","","","","","","","","Potato","16573.0015","1029","10.6","200","","11.67","2120"
"","","","","","","","","","Pumpkin","16573.0015","1029","8.649","18.5","","13.51","160.0065"
"","","","","","","","","","Radish","16573.0015","1029","30.667","3","","12.38","92.001"
"","","","","","","","","","Raja Dry Matar 500 Gm","16573.0015","1086","35","20","","12.5","700"
"","","","","","","","","","Tinda","16573.0015","1029","30.5","10","","12.86","305"
"","","","","","","","","","Tomato","16573.0015","1029","17.687","73.5","","11.57","1299.9945"
"","","","","","","","","","Tori","16573.0015","1029","26.533","15","","11.56","397.995"
"","","","","","","","","","Water Melon","16573.0015","994","22.102","342.5","","11.59","7569.935"
"Himanshu Footwear","445","23-05-2026 13:15:00","19189","Hf/77/2026-27","2026-05-23","","Pending","","Crocks Slipper","16572.0015","719","200.004","12","","33.11","2400.048"
"","","","","","","","","","Hf Gents Slipper","16572.0015","719","193.337","8","","33.33","1546.696"
"","","","","","","","","","Hf Gents Slipper","16572.0015","719","194.29","4","","33","777.16"
"","","","","","","","","","Hf Gents Slipper","16572.0015","719","262.291","4","","32.75","1049.164"
"","","","","","","","","","Hf Gents Slipper","16572.0015","719","80.002","4","","36","320.008"
"","","","","","","","","","Hf Gents Slipper","16572.0015","719","68.573","48","","40.37","3291.504"
"","","","","","","","","","Hf Gents Slipper","16572.0015","719","147.622","4","","32.9","590.488"
"","","","","","","","","","Hf Gents Slipper","16572.0015","719","102.859","3","","31.43","308.577"
"","","","","","","","","","Hf Gents Slipper","16572.0015","719","102.859","1","","31.43","102.859"
"","","","","","","","","","Hf Gents Slipper","16572.0015","719","119.05","4","","31.97","476.2"
"","","","","","","","","","Hf Gents Slipper","16572.0015","719","114.288","4","","32.77","457.152"
"","","","","","","","","","Hf Gents Slipper","16572.0015","719","78.097","4","","34.92","312.388"
"","","","","","","","","","Hf Gents Slipper","16572.0015","719","78.097","2","","32.09","156.194"
"","","","","","","","","","Hf Gents Slipper","16572.0015","719","108.574","5","","32.14","542.87"
"","","","","","","","","","Hf Gents Slipper","16572.0015","719","102.859","4","","31.43","411.436"
"","","","","","","","","","Hf Ladies Slipper","16572.0015","719","221.909","5","","32.75","1109.545"
"","","","","","","","","","Hf Ladies Slipper","16572.0015","719","97.145","8","","33","777.16"
"","","","","","","","","","Sports Shoes 1","16572.0015","827","607.631","6","","34.66","3645.786"
"Pasricha Footwear New","444","23-05-2026 11:45:00","41643","Pas/2026-27/051","2026-05-23","","Pending","","Crocks Slipper","16571.0015","719","155","6","","29.55","930"
"","","","","","","","","","Crocks Slipper","16571.0015","719","175","12","","30","2100"
"","","","","","","","","","Crocks Slipper","16571.0015","719","195","6","","30.36","1170"
"","","","","","","","","","Crocks Slipper","16571.0015","719","210","6","","29.77","1260"
"","","","","","","","","","Crocks Slipper","16571.0015","719","225","24","","30.77","5400"
"","","","","","","","","","Crocks Slipper","16571.0015","719","235","6","","32.86","1410"
"","","","","","","","","","Crocks Slipper","16571.0015","719","240","12","","31.43","2880"
"","","","","","","","","","Crocks Slipper","16571.0015","719","350","6","","29.86","2100"
"","","","","","","","","","Gents Slipper 47","16571.0015","719","250","36","","28.57","9000"
"","","","","","","","","","Gents Slipper 47","16571.0015","719","165","12","","34","1980"
"","","","","","","","","","Pf Ladies Slipper","16571.0015","719","185","12","","31.48","2220"
"","","","","","","","","","Pf Ladies Slipper","16571.0015","719","250","18","","28.57","4500"
"","","","","","","","","","Pf Ladies Slipper","16571.0015","719","260","6","","28.77","1560"
"","","","","","","","","","Pf Ladies Slipper","16571.0015","719","175","18","","30","3150"
"Local Purchase","442","23-05-2026 10:26:00","79","23-05-26","2026-05-23","","Pending","","Lady Finger","16569.0015","994","22","3.6","","26.67","79.2"
"Raja Fashion","441","23-05-2026 09:59:00","30544","1023","2026-05-23","","Pending","","Raja Kurta","16568.0015","1052","340","3","","31.86","1020"
"","","","","","","","","","Raja Kurta","16568.0015","1052","325","14","","27.78","4550"
"","","","","","","","","","Raja Shirt Fs 1","16568.0015","1052","200","19","","42.86","3800"
"","","","","","","","","","Raja Shirt Fs 1","16568.0015","1052","351.622","49","","29.53","17229.478"
"","","","","","","","","","Raja Shirt Fs 1","16568.0015","1052","415","6","","24.55","2490"
"Jivo Wellness Pvt Ltd - Haryana-Branch","440","23-05-2026 09:34:00","40080","626050359","2026-05-23","","Pending","","Jivo Groundnut Oil 1 Ltr","16567.0015","586","180.95","32","","15.84","5790.4"
"","","","","","","","","","Jivo Mustard Oil 1Ltr","16567.0015","948","161.9","200","","12.49","32380"
"Jivo Wellness Pvt Ltd - Haryana-Branch","438","22-05-2026 20:30:00","6400","626058139","2026-05-22","","Pending","","Jivo Natural Mineral Water 1 Ltr","16565.0015","46","6.349","960","","68.26","6095.04"
"Jivo Wellness Pvt Ltd - Haryana-Branch","437","22-05-2026 20:27:00","11200","626058154","2026-05-22","","Pending","","Jivo Wheatgrass Pet 160Ml Punjabi Jeera","16564.0015","55","6.35","1200","","36.5","7620"
"","","","","","","","","","Jivo Wheatgrass Pet 160Ml Punjabi Shikanji","16564.0015","55","6.348","480","","36.52","3047.04"
"K.Mark Shawls","436","22-05-2026 19:27:00","100104","2113","2026-05-22","","Pending","","K.Mark Lohi","16563.0015","411","1795","5","","23.62","8975"
"","","","","","","","","","K.Mark Lohi","16563.0015","411","2295","2","","23.47","4590"
"","","","","","","","","","K.Mark Shawl","16563.0015","411","1295","5","","23.78","6475"
"","","","","","","","","","K.Mark Shawl","16563.0015","411","1295","8","","23.62","10360"
"","","","","","","","","","K.Mark Shawl","16563.0015","411","795","5","","24.29","3975"
"","","","","","","","","","K.Mark Shawl","16563.0015","411","1095","5","","24.48","5475"
"","","","","","","","","","K.Mark Shawl","16563.0015","411","895","14","","22.17","12530"
"","","","","","","","","","K.Mark Shawl","16563.0015","411","1195","5","","22.9","5975"
"","","","","","","","","","K.Mark Shawl","16563.0015","411","1495","3","","23.33","4485"
"","","","","","","","","","K.Mark Shawl","16563.0015","411","1195","6","","22.9","7170"
"","","","","","","","","","K.Mark Shawl","16563.0015","411","1095","1","","22.92","1095"
"","","","","","","","","","K.Mark Shawl","16563.0015","411","1795","1","","23.62","1795"
"","","","","","","","","","K.Mark Shawl 12","16563.0015","411","2995","2","","23.19","5990"
"","","","","","","","","","K.Mark Shawl 12","16563.0015","411","2795","5","","21.27","13975"
"Sehgal Trading Co.","435","22-05-2026 14:06:00","9879","283","2026-05-22","","Pending","","Bonn Burger 225Gm","16562.0015","649","32","15","","28.89","480"
"","","","","","","","","","Bonn Creame Bon 50Gm","16562.0015","649","9","36","","10","324"
"","","","","","","","","","Choice Brown Bread 400 Gm","16562.0015","649","55","15","","8.33","825"
"","","","","","","","","","Choice Sandwich Bread 400 Gm","16562.0015","649","40","20","","11.11","800"
"","","","","","","","","","Paneer Ls","16562.0015","190","252.781","9.89","","15.74","2500.00409"
"","","","","","","","","","Super Dahi 200Gm","16562.0015","993","18","100","","10","1800"
"","","","","","","","","","Super Dahi 400Gm","16562.0015","993","35","90","","7.89","3150"
"Lakhmi Chand Tejoo Mal","433","22-05-2026 13:35:00","66539","Slct013389/26-27","2026-05-22","","Pending","","Tejoo Kurti 3 Pc Set 62041919","16560.0015","636","1330","15","","24","19950"
"","","","","","","","","","Tejoo Kurti 3 Pc Set 62041919","16560.0015","636","1550","4","","24.39","6200"
"","","","","","","","","","Tejoo Kurti 3 Pc Set 62041919","16560.0015","636","665","4","","26.03","2660"
"","","","","","","","","","Tejoo Kurti 3 Pc Set 62041919","16560.0015","636","1660","4","","22.79","6640"
"","","","","","","","","","Tejoo Kurti 3 Pc Set 62041919","16560.0015","636","1110","4","","23.45","4440"
"","","","","","","","","","Tejoo Kurti 3 Pc Set 62041919","16560.0015","636","665","4","","26.03","2660"
"","","","","","","","","","Tejoo Kurti 3 Pc Set 62041919","16560.0015","636","1660","4","","22.79","6640"
"","","","","","","","","","Tejoo Kurti 3 Pc Set 62041919","16560.0015","636","1220","4","","23.7","4880"
"","","","","","","","","","Tejoo Kurti 3 Pc Set 62041919","16560.0015","636","1550","4","","22.46","6200"
"","","","","","","","","","Tejoo Kurti 3 Pc Set 62041919","16560.0015","636","775","4","","22.42","3100"
"Nirmal Kaur - Director","432","22-05-2026 12:15:00","9985","Respected Dee Ji","2026-05-22","","Pending","","At Fabric Kurta Pajama","16559.0015","808","55","9","","21.43","495"
"","","","","","","","","","At Fabric Kurta Pajama","16559.0015","808","80","10","","33.33","800"
"","","","","","","","","","Dupatta 7","16559.0015","1041","150","3","","24.62","450"
"","","","","","","","","","Dupatta 7","16559.0015","1041","150","2","","25","300"
"","","","","","","","","","Dupatta 7","16559.0015","1041","260","2","","25.71","520"
"","","","","","","","","","Jeans","16559.0015","637","220","4","","26.42","880"
"","","","","","","","","","Kurta","16559.0015","1052","350","1","","29.86","350"
"","","","","","","","","","Lower","16559.0015","218","150","4","","24.62","600"
"","","","","","","","","","Lower","16559.0015","218","370","6","","25.85","2220"
"","","","","","","","","","Lt Trouser","16559.0015","637","260","3","","25.71","780"
"","","","","","","","","","Lt Trouser","16559.0015","637","530","2","","24.18","1060"
"","","","","","","","","","Night Suits","16559.0015","1050","380","2","","23.85","760"
"","","","","","","","","","Rf Shirt Fs 3","16559.0015","1052","150","1","","24.62","150"
"","","","","","","","","","Rf Shirt Fs 3","16559.0015","1052","260","1","","25.71","260"
"","","","","","","","","","T-Shirt1","16559.0015","1052","360","1","","27.86","360"
"Hygienic Milk","431","22-05-2026 11:04:00","250",".1829","2026-05-22","","Pending","","Gj Gulab Jamun","16558.0015","476","250","1","","16.67","250"
"Hygienic Milk","430","22-05-2026 11:03:00","1700",".1828","2026-05-22","","Pending","","Lmk Bc Vn","16557.0015","476","250","1","","28.57","250"
"","","","","","","","","","Lmk Pizza Base","16557.0015","476","45","10","","10","450"
"","","","","","","","","","Lmk Pts","16557.0015","476","5","100","","44.44","500"
"","","","","","","","","","Rusk","16557.0015","476","25","20","","16.67","500"
"Raja Fashion","429","22-05-2026 10:42:00","5717","1025","2026-05-22","","Pending","","Raja Shirt Fs 1","16556.0015","1052","350","12","","29.86","4200"
"","","","","","","","","","Raja Shirt Fs 1","16556.0015","1052","415","3","","24.55","1245"
"P.R International","428","22-05-2026 10:40:00","30156","Pri/25-26/070","2026-05-22","","Pending","","Pr Trouser","16555.0015","637","800","18","","23.81","14400"
"","","","","","","","","","Pr Trouser","16555.0015","637","395","11","","28.18","4345"
"","","","","","","","","","Pr Trouser","16555.0015","637","525","19","","24.89","9975"
"Hygienic Milk","427","21-05-2026 18:11:00","1500",".1827","2026-05-21","","Pending","","Fruit Buns 4 Pcs Pack","16554.0015","476","25","20","","20","500"
"","","","","","","","","","Lmk Bst 30","16554.0015","476","25","20","","28.57","500"
"","","","","","","","","","Lmk Pts","16554.0015","476","5","100","","44.44","500"
"M/S Shashi Bhushan Manoj Kumar Aeron","426","21-05-2026 17:16:00","9017","1544(Gc)","2026-05-21","","Pending","","Cabbage","16553.0015","1029","10","82.5","","16.67","825"
"","","","","","","","","","Capsicum","16553.0015","1029","10","10","","16.67","100"
"","","","","","","","","","Carrot","16553.0015","1029","25","3","","10.71","75"
"","","","","","","","","","Hara Dhania","16553.0015","1029","35","3","","12.5","105"
"","","","","","","","","","Kheera Desi","16553.0015","994","20","3","","13.04","60"
"","","","","","","","","","Mango","16553.0015","994","80","13.5","","11.11","1080"
"","","","","","","","","","Onion","16553.0015","1029","18","46","","18.18","828"
"","","","","","","","","","Pizza Cheese 1Kg","16553.0015","815","470","10","","21.67","4700"
"","","","","","","","","","Seviyan 1 Kg","16553.0015","530","62.2","20","","22.25","1244"
"Hanuman Trading Co.","425","21-05-2026 17:10:00","600","Gst-160","2026-05-21","","Pending","","Packing Paper Pouch","16552.0015","1124","84.746","6","","29.38","508.476"
"Sehgal Trading Co.","424","21-05-2026 13:14:00","2889","281","2026-05-21","","Pending","","Bonn Creame Bon 50Gm","16551.0015","649","9","36","","10","324"
"","","","","","","","","","Bonn Fruity Bread 150Gm","16551.0015","649","18","10","","10","180"
"","","","","","","","","","Bonn Fruity Bun 200Gm","16551.0015","649","30","10","","25","300"
"","","","","","","","","","Bonn Jumbo Bread 1 Kg","16551.0015","649","100","6","","9.09","600"
"","","","","","","","","","Super Dahi 200Gm","16551.0015","993","18","30","","10","540"
"","","","","","","","","","Super Dahi 400Gm","16551.0015","993","35","27","","7.89","945"
"M/S Shashi Bhushan Manoj Kumar Aeron","423","21-05-2026 12:58:00","35791","1545-1546-1547","2026-05-21","","Pending","","Apple","16550.0015","994","163.7","10","","11.51","1637"
"","","","","","","","","","Arbi","16550.0015","1029","39.6","5","","12","198"
"","","","","","","","","","Banana Kg","16550.0015","1029","38.912","57","","11.56","2217.984"
"","","","","","","","","","Bitter Gourd","16550.0015","1029","22","10","","12","220"
"","","","","","","","","","Brinjal Long","16550.0015","1029","30.8","5","","12","154"
"","","","","","","","","","Broccoli","16550.0015","1029","70.5","6","","11.88","423"
"","","","","","","","","","Cabbage","16550.0015","1029","13.2","10","","12","132"
"","","","","","","","","","Capsicum","16550.0015","1029","13.2","10","","12","132"
"","","","","","","","","","Carrot","16550.0015","1029","26.5","10","","11.67","265"
"","","","","","","","","","Cauliflower","16550.0015","1029","39.773","22","","11.62","875.006"
"","","","","","","","","","Chukander","16550.0015","1029","39.8","10","","11.56","398"
"","","","","","","","","","Coconut","16550.0015","1029","48","10","","12.73","480"
"","","","","","","","","","Cucumber","16550.0015","1029","26.5","20","","11.67","530"
"","","","","","","","","","Daab Coconut","16550.0015","1029","75","20","","11.76","1500"
"","","","","","","","","","Ginger","16550.0015","1029","168","5","","11.58","840"
"","","","","","","","","","Green Beans","16550.0015","1029","88","5","","12","440"
"","","","","","","","","","Green Chilli","16550.0015","1029","44","5","","12","220"
"","","","","","","","","","Hara Dhania","16550.0015","1029","39.6","5","","12","198"
"","","","","","","","","","Kheera Desi","16550.0015","994","22.024","42","","11.9","925.008"
"","","","","","","","","","Lady Finger","16550.0015","994","26.4","25","","12","660"
"","","","","","","","","","Lemon","16550.0015","1029","4.4","250","","12","1100"
"","","","","","","","","","Mango Dasheri","16550.0015","994","70.652","23","","11.69","1624.996"
"","","","","","","","","","Mango Safeda","16550.0015","994","88.302","53","","11.7","4680.006"
"","","","","","","","","","Matar","16550.0015","1029","57","10","","12.31","570"
"","","","","","","","","","Melon","16550.0015","994","26.5","80","","11.67","2120"
"","","","","","","","","","Orange","16550.0015","994","212.353","8.5","","11.52","1805.0005"
"","","","","","","","","","Papaya","16550.0015","994","44","30","","12","1320"
"","","","","","","","","","Peach","16550.0015","994","97.222","18","","11.62","1749.996"
"","","","","","","","","","Pomegranate","16550.0015","1029","221.111","9","","11.56","1989.999"
"","","","","","","","","","Pumpkin","16550.0015","1029","8.75","20","","12.5","175"
"","","","","","","","","","Radish","16550.0015","1029","26.222","4.5","","12.59","117.999"
"","","","","","","","","","Tarr Kakdi","16550.0015","1029","22.105","9.5","","11.58","209.9975"
"","","","","","","","","","Tinda","16550.0015","1029","30.8","5","","12","154"
"","","","","","","","","","Tomato","16550.0015","1029","17.677","77.5","","11.62","1369.9675"
"","","","","","","","","","Tori","16550.0015","1029","26.333","15","","12.22","394.995"
"","","","","","","","","","Water Melon","16550.0015","994","17.696","224","","11.52","3963.904"
"Hygienic Milk","422","21-05-2026 09:11:00","825",".1858","2026-05-21","","Pending","","Loose Milk","16549.0015","476","55","15","","8.33","825"
"Laxmi Narayan Suresh Kumar","421","20-05-2026 21:02:00","4011","Gst-1614","2026-05-20","","Pending","","Food Coast Chocolate Dressing 1.3 Kg","16548.0015","174","165.715","6","","38.62","994.29"
"","","","","","","","","","Sofit Soya Milk 180 Ml Chocolate","16548.0015","47","31.394","30","","15.15","941.82"
"","","","","","","","","","Sofit Soya Milk 180 Ml Vanilla","16548.0015","47","31.394","30","","15.15","941.82"
"","","","","","","","","","Sofit Soya Milk 200Ml Sugar Free","16548.0015","47","31.394","30","","15.15","941.82"
"Hygienic Milk","420","20-05-2026 20:03:00","100",".1826","2026-05-20","","Pending","","Besan Burfi","16547.0015","203","200","0.5","","20","100"
"Cm Trading Co.","418","20-05-2026 18:50:00","51330","Gst-1428","2026-05-20","","Pending","","Act Ii Butter Flv Popcorn 24Gm","16545.0015","826","7.619","240","","23.81","1828.56"
"","","","","","","","","","Daawat Sooji 500 Gm","16545.0015","1025","25.458","20","","27.26","509.16"
"","","","","","","","","","Hide & Seek Black Bourbon 100Gm","16545.0015","453","30.608","48","","14.98","1469.184"
"","","","","","","","","","Kellogg's Chocos 26 Gm Chrunchy Bites","16545.0015","514","8.483","32","","15.17","271.456"
"","","","","","","","","","Kellogg's Chocos 26 Gm Moons Star","16545.0015","514","8.483","32","","15.17","271.456"
"","","","","","","","","","Kelloggs Chocos Duet 26 Gm","16545.0015","514","8.483","48","","15.17","407.184"
"","","","","","","","","","Kelloggs Corn Flakes 25 Gm","16545.0015","514","8.483","48","","15.17","407.184"
"","","","","","","","","","Kelloggs Corn Flakes 27 Gm Chocos","16545.0015","514","8.483","48","","15.17","407.184"
"","","","","","","","","","Kellogs Chocos Fills 17 Gm Multi Grain","16545.0015","514","8.483","48","","15.17","407.184"
"","","","","","","","","","Parle 20-20 Biscuit 75 Gm Cashew","16545.0015","453","8.502","96","","14.98","816.192"
"","","","","","","","","","Parle 20-20 Biscuits 150 Gm Butter Cookies","16545.0015","453","17.004","20","","14.98","340.08"
"","","","","","","","","","Parle 20-20 Biscuits 200G Butter Cookies","16545.0015","453","22.956","50","","23.48","1147.8"
"","","","","","","","","","Parle 20-20 Biscuits 80 Gm Butter Cookies","16545.0015","377","8.502","96","","14.98","816.192"
"","","","","","","","","","Parle Bourbon 150 Gm Fab Chocolate","16545.0015","377","34.009","48","","14.98","1632.432"
"","","","","","","","","","Parle Bourbon 45Gm+9 Gm Extra","16545.0015","453","8.502","120","","14.98","1020.24"
"","","","","","","","","","Parle Coconut Crunchy 67.2 Gm","16545.0015","453","7.653","72","","14.97","551.016"
"","","","","","","","","","Parle Digestive Cookies 100 Gm","16545.0015","453","17.004","60","","14.98","1020.24"
"","","","","","","","","","Parle Fab Bourbon 90+18 Gm","16545.0015","377","17.004","120","","14.98","2040.48"
"","","","","","","","","","Parle -G Royale Biscuits 72Gm","16545.0015","453","8.658","120","","13.42","1038.96"
"","","","","","","","","","Parle Gluco Biscuits 150+30 Gm","16545.0015","453","17.316","48","","13.42","831.168"
"","","","","","","","","","Parle Gluco Biscuits 80+10 Gm","16545.0015","453","8.658","72","","13.42","623.376"
"","","","","","","","","","Parle Happy Happy Choco Chip 63Gm","16545.0015","453","8.502","96","","14.98","816.192"
"","","","","","","","","","Parle Hide & Seek 100 Gm Choco Chip Creme Sandwich","16545.0015","453","30.608","48","","23.48","1469.184"
"","","","","","","","","","Parle Hide & Seek 115.5 Gm Choco Chips","16545.0015","453","25.506","72","","14.98","1836.432"
"","","","","","","","","","Parle Hide & Seek 120Gm Orange","16545.0015","377","30.608","72","","14.98","2203.776"
"","","","","","","","","","Parle Hide & Seek 125 Gm Vanilla Creme","16545.0015","453","32.307","72","","19.23","2326.104"
"","","","","","","","","","Parle Hide & Seek 125Gm Strawberry","16545.0015","377","30.608","72","","14.98","2203.776"
"","","","","","","","","","Parle Hide & Seek 20 Gm Milano Choco Chips","16545.0015","453","7.666","120","","14.82","919.92"
"","","","","","","","","","Parle Hide & Seek 20 Gm Milano Choco Filled","16545.0015","453","7.652","120","","14.98","918.24"
"","","","","","","","","","Parle Hide & Seek 30 Gm Black Bourbon","16545.0015","453","7.652","144","","14.98","1101.888"
"","","","","","","","","","Parle Hide & Seek 33 Gm","16545.0015","377","8.502","160","","14.98","1360.32"
"","","","","","","","","","Parle Hide & Seek 60 Gm Choco Rolls","16545.0015","453","29.758","30","","25.61","892.74"
"","","","","","","","","","Parle Hide & Seek 60 Gm Milano Choco Filled","16545.0015","453","29.758","30","","25.61","892.74"
"","","","","","","","","","Parle Hide & Seek Bourbon Vanilla 30Gm","16545.0015","453","7.652","144","","14.98","1101.888"
"","","","","","","","","","Parle Hide & Seek Milano 60 Gm Choco Chip","16545.0015","377","29.758","30","","25.61","892.74"
"","","","","","","","","","Parle Hide & Seek Milano 60 Gm Mixed Fruit","16545.0015","377","29.758","30","","25.61","892.74"
"","","","","","","","","","Parle Jam-In 80 Gm Mixed Fruit","16545.0015","453","15.303","72","","23.49","1101.816"
"","","","","","","","","","Parle Krack Jack 113.4 Gm","16545.0015","377","15.303","72","","23.49","1101.816"
"","","","","","","","","","Parle Krack Jack 66.7G","16545.0015","377","7.652","120","","23.48","918.24"
"","","","","","","","","","Parle Magix Chocolate Biscuit - 58G+23G","16545.0015","453","7.48","96","","25.2","718.08"
"","","","","","","","","","Parle Marie 239.7 Gm","16545.0015","453","30.602","30","","23.5","918.06"
"","","","","","","","","","Parle Milano Choco & Hazelnut 75Gm","16545.0015","377","29.758","30","","25.61","892.74"
"","","","","","","","","","Parle Monaco 52.2 Gm","16545.0015","453","8.502","120","","14.98","1020.24"
"","","","","","","","","","Parle Monaco 92.8Gm Classic","16545.0015","453","15.303","72","","23.49","1101.816"
"","","","","","","","","","Parle Monaco Jeera 46.4 Gm","16545.0015","377","8.502","120","","14.98","1020.24"
"","","","","","","","","","Parle Rusk 100 + 9 Gm","16545.0015","31","17.004","60","","14.98","1020.24"
"","","","","","","","","","Parle-G 75 Gm Oats & Berries","16545.0015","453","8.657","72","","13.43","623.304"
"","","","","","","","","","Shakti Bhog Daliya 500 Gm","16545.0015","772","25.457","30","","36.36","763.71"
"Leela Associates","414","20-05-2026 12:29:00","30303","26-27/Hul-26183","2026-05-20","","Pending","","Amul Butter 100 Gm","16541.0015","816","52.42","40","","12.63","2096.8"
"","","","","","","","","","Amul Chocolate Smooth & Creamy 150Gm","16541.0015","175","137.05","10","","23.86","1370.5"
"","","","","","","","","","Amul Fresh Cream 1 Ltr","16541.0015","813","224.3","12","","6.54","2691.6"
"","","","","","","","","","Amul Fresh Cream 250 Ml","16541.0015","813","67.29","3","","6.54","201.87"
"","","","","","","","","","Amul Milk Chocolate 20Gm","16541.0015","175","14.29","72","","20.61","1028.88"
"","","","","","","","","","Brooke Bond Taaza Tea 75Gm","16541.0015","1075","20.991","50","","16.04","1049.55"
"","","","","","","","","","Dove Bathing Bar 50 Gm","16541.0015","65","21.385","72","","14.46","1539.72"
"","","","","","","","","","Dove Conditioner Pouch 7 Ml Daily Shine","16541.0015","153","2.658","512","","33.55","1360.896"
"","","","","","","","","","Dove Shampoo 6 Ml Daily Shine","16541.0015","153","1.478","960","","26.1","1418.88"
"","","","","","","","","","Horlicks Tall,Strong,Sharp 200 Gm","16541.0015","367","102.647","12","","14.46","1231.764"
"","","","","","","","","","Red Label Tea 100Gm","16541.0015","1075","37.8","50","","16","1890"
"","","","","","","","","","Sunsilk Black Shine Shampoo 5.5 Ml","16541.0015","153","0.739","960","","26.1","709.44"
"","","","","","","","","","Sunsilk Shampoo 5.4 Ml Silky Smooth","16541.0015","153","0.739","960","","26.1","709.44"
"","","","","","","","","","Sunsilk Shampoo 5.5 Ml Pink","16541.0015","153","0.739","960","","26.1","709.44"
"","","","","","","","","","Surf Excel Detergent Cake 150 Gm","16541.0015","65","15.219","100","","23.91","1521.9"
"","","","","","","","","","Surf Excel Detergent Cake 84Gm+11G Extra","16541.0015","328","7.605","140","","23.95","1064.7"
"","","","","","","","","","Surf Excel Easy Wash 70 Gm","16541.0015","570","7.207","600","","27.93","4324.2"
"","","","","","","","","","Wheel Detergent 500 Gm 2 In 1","16541.0015","328","30.194","90","","26.36","2717.46"
"Parhlad Chand Batra & Sons","413","20-05-2026 12:16:00","131099","26-27/Gstn-90101","2026-05-20","","Pending","","Happydent Wave Peppermint Flavour18g","16540.0015","25","8.658","72","","13.42","623.376"
"","","","","","","","","","Maggi Atta Noodles 55 Gm","16540.0015","1081","16.923","480","","15.39","8123.04"
"","","","","","","","","","Maggi Imli Sauce Pichkoo 75 Gm","16540.0015","873","18.624","96","","15.35","1787.904"
"","","","","","","","","","Maggi Noodles 48 Gm Masala","16540.0015","1081","8.388","3240","","12.63","27177.12"
"","","","","","","","","","Maggi Noodles 61 Gm Spicy Manchurian","16540.0015","28","20.97","96","","16.12","2013.12"
"","","","","","","","","","Maggi Noodles 62 Gm Spicy Green Chilli","16540.0015","28","21.164","96","","15.34","2031.744"
"","","","","","","","","","Maggi Noodles 70+5 Gm","16540.0015","1081","12.582","288","","16.12","3623.616"
"","","","","","","","","","Maggi Noodles 76 Gm Spicy Cheesy","16540.0015","28","20.969","96","","16.12","2013.024"
"","","","","","","","","","Maggi Pazzta 68.5 Gm Cheesy Tomato","16540.0015","28","29.629","24","","15.35","711.096"
"","","","","","","","","","Maggi Pazzta 68.5 Gm Mushroom Penne","16540.0015","1081","29.629","24","","15.35","711.096"
"","","","","","","","","","Maggi Pazzta 69.6 Gm Masala Penne","16540.0015","1081","29.629","24","","15.35","711.096"
"","","","","","","","","","Maggi Pazzta 75Gm Cheese Macaroni","16540.0015","1081","29.629","24","","15.35","711.096"
"","","","","","","","","","Maggi Tomato Pichkoo 75 Gm","16540.0015","873","12.698","96","","15.35","1219.008"
"","","","","","","","","","Nescafe Classic Coffee 3.6 Gm","16540.0015","862","8.545","2304","","14.55","19687.68"
"","","","","","","","","","Nestle Barone 20 Gm","16540.0015","175","8.198","1536","","18.02","12592.128"
"","","","","","","","","","Nestle Classic Chocolate 15 Gm","16540.0015","175","8.2","672","","18","5510.4"
"","","","","","","","","","Nestle Kitkat Chocolate 22.1Gm","16540.0015","175","16.618","600","","16.91","9970.8"
"","","","","","","","","","Nestle Maggi Noodles 280 Gm","16540.0015","1081","49.094","120","","15.36","5891.28"
"","","","","","","","","","Nestle Milky Bar 12.5 Gm","16540.0015","175","8.2","720","","18","5904"
"","","","","","","","","","Nestle Munch 17.8 Gm King Size","16540.0015","175","8.312","576","","16.88","4787.712"
"","","","","","","","","","Nestle Munch Max 38.5 Gm","16540.0015","175","16.4","288","","18","4723.2"
"","","","","","","","","","Nestle Polo Mint 13.5 Gm","16540.0015","479","4.082","756","","18.36","3085.992"
"","","","","","","","","","Perfetti Happydent Wave 14.7 Gm","16540.0015","24","8.658","72","","13.42","623.376"
"","","","","","","","","","Perfetti Happydent White 16G Mint Flavour","16540.0015","24","8.658","72","","13.42","623.376"
"Gian Chand Faquir Chand","412","20-05-2026 10:09:00","18468","Agains Debit Note 24/27-25/93-","2026-05-20","","Pending","","Coca Cola 250 Ml","16539.0015","142","12.5","140","","37.5","1750"
"","","","","","","","","","Fanta 400 Ml","16539.0015","142","12.755","280","","36.23","3571.4"
"","","","","","","","","","Kinley Soda 750 Ml","16539.0015","46","14.285","45","","20.64","642.825"
"","","","","","","","","","Limca 250 Ml","16539.0015","142","12.5","139","","37.5","1737.5"
"","","","","","","","","","Pepsi Nimbooz 345 Ml","16539.0015","412","16.67","150","","16.65","2500.5"
"","","","","","","","","","Sprite 250Ml","16539.0015","146","12.5","140","","37.5","1750"
"","","","","","","","","","Thumps Up 250 Ml","16539.0015","142","12.5","112","","37.5","1400"
"Hygienic Milk","411","20-05-2026 09:46:00","1144",".1825","2026-05-20","","Pending","","Atta Bread 400Gm","16538.0015","476","19.7","20","","34.33","394"
"","","","","","","","","","Lmk Bc Vn 1/2 Kg","16538.0015","476","125","2","","37.5","250"
"","","","","","","","","","Lmk Pts","16538.0015","476","5","100","","44.44","500"
"M/S Shashi Bhushan Manoj Kumar Aeron","409","20-05-2026 09:36:00","8214","1538-1539(Gc)","2026-05-20","","Pending","","Cabbage","16536.0015","1029","11","44","","15.38","484"
"","","","","","","","","","Capsicum","16536.0015","1029","10","5","","16.67","50"
"","","","","","","","","","Carrot","16536.0015","1029","22","3","","12","66"
"","","","","","","","","","Cucumber","16536.0015","1029","20","3","","13.04","60"
"","","","","","","","","","Garlic","16536.0015","1029","120","3","","14.29","360"
"","","","","","","","","","Ginger","16536.0015","1029","160","3","","13.51","480"
"","","","","","","","","","Hara Dhania","16536.0015","1029","45","3","","13.46","135"
"","","","","","","","","","Leafy Onion","16536.0015","1029","33","5","","13.16","165"
"","","","","","","","","","Lemon","16536.0015","1029","4.4","50","","12","220"
"","","","","","","","","","Mango","16536.0015","994","75","12.5","","11.76","937.5"
"","","","","","","","","","Pizza Cheese 1Kg","16536.0015","815","470","6","","21.67","2820"
"","","","","","","","","","Potato","16536.0015","1029","10","100","","16.67","1000"
"","","","","","","","","","Seviyan 1 Kg","16536.0015","530","67.8","10","","15.25","678"
"","","","","","","","","","Tomato","16536.0015","1029","16","25.5","","20","408"
"","","","","","","","","","Vegetable Mix Veg","16536.0015","1029","70","5","","30","350"
"Leela Associates","408","19-05-2026 18:33:00","9430","26-27/Le-31067","2026-05-19","","Pending","","Dry Cake Small","16535.0015","377","83.81","30","","23.81","2514.3"
"","","","","","","","","","Leela Burger 4 Pcs Set","16535.0015","649","44","50","","12","2200"
"","","","","","","","","","Leela Kulcha 2 Pcs","16535.0015","649","41","15","","8.89","615"
"","","","","","","","","","Leela Pav Bread 9 Pcs","16535.0015","649","49","25","","10.91","1225"
"","","","","","","","","","Leela Pizza Base 8 Inch","16535.0015","476","52.38","50","","12.7","2619"
"Hygienic Milk","407","19-05-2026 16:39:00","125",".1824","2026-05-19","","Pending","","Lmk Bc Vn 1/2 Kg","16534.0015","476","125","1","","37.5","125"
"Hygienic Milk","406","19-05-2026 16:38:00","1000",".1823","2026-05-19","","Pending","","Lmk Bc Ch","16533.0015","476","250","1","","37.5","250"
"","","","","","","","","","Lmk Bc Vn","16533.0015","476","250","1","","28.57","250"
"","","","","","","","","","Lmk Pts","16533.0015","476","5","100","","44.44","500"
"Hygienic Milk","405","19-05-2026 16:36:00","1100",".1856","2026-05-19","","Pending","","Loose Milk","16532.0015","476","55","20","","8.33","1100"
"M/S Shashi Bhushan Manoj Kumar Aeron","404","19-05-2026 16:25:00","60442","1534-1535-1536-1537","2026-05-19","","Pending","","Amla","16531.0015","1029","129.8","5","","13.47","649"
"","","","","","","","","","Apple","16531.0015","994","170","10","","12.82","1700"
"","","","","","","","","","Apple Improted","16531.0015","994","245","18","","14.04","4410"
"","","","","","","","","","Arbi","16531.0015","1029","38","5","","15.56","190"
"","","","","","","","","","Banana Kg","16531.0015","1029","36","88","","12.2","3168"
"","","","","","","","","","Bitter Gourd","16531.0015","1029","17.5","16","","12.5","280"
"","","","","","","","","","Blue Berry","16531.0015","994","110","6","","12","660"
"","","","","","","","","","Brinjal","16531.0015","1029","28","5","","12.5","140"
"","","","","","","","","","Brinjal Long","16531.0015","1029","28","5","","12.5","140"
"","","","","","","","","","Cabbage","16531.0015","1029","11.333","15","","12.82","169.995"
"","","","","","","","","","Capsicum","16531.0015","1029","10.5","10","","12.5","105"
"","","","","","","","","","Carrot","16531.0015","1029","22","10","","12","220"
"","","","","","","","","","Cauliflower","16531.0015","1029","35","18","","12.5","630"
"","","","","","","","","","Cholai Saag","16531.0015","1029","22","10","","12","220"
"","","","","","","","","","Chukander","16531.0015","1029","35","10","","12.5","350"
"","","","","","","","","","Cucumber","16531.0015","1029","22","20","","12","440"
"","","","","","","","","","Daab Coconut","16531.0015","1029","74","40","","12.94","2960"
"","","","","","","","","","Ginger","16531.0015","1029","162","5","","12.43","810"
"","","","","","","","","","Grapes Green","16531.0015","994","175.882","17","","12.06","2989.994"
"","","","","","","","","","Green Beans","16531.0015","1029","110","5","","12","550"
"","","","","","","","","","Green Chilli","16531.0015","1029","48","5","","12.73","240"
"","","","","","","","","","Hara Dhania","16531.0015","1029","45","5","","13.46","225"
"","","","","","","","","","Kachha Aam","16531.0015","994","17.692","26","","11.54","459.992"
"","","","","","","","","","Kheera Desi","16531.0015","994","10.476","42","","12.7","439.992"
"","","","","","","","","","Kiwi","16531.0015","1029","44.167","60","","11.67","2650.02"
"","","","","","","","","","Lady Finger","16531.0015","994","26.522","23","","11.59","610.006"
"","","","","","","","","","Lemon","16531.0015","1029","5.28","250","","12","1320"
"","","","","","","","","","Loki","16531.0015","1029","8.684","19","","13.16","164.996"
"","","","","","","","","","Malta Orange","16531.0015","994","137.097","31","","11.55","4250.007"
"","","","","","","","","","Mango Dasheri","16531.0015","994","115","21","","11.54","2415"
"","","","","","","","","","Mango Safeda","16531.0015","994","79.579","47.5","","11.58","3780.0025"
"","","","","","","","","","Mango Tota","16531.0015","994","53.095","21","","11.51","1114.995"
"","","","","","","","","","Matar","16531.0015","1029","57.5","10","","11.54","575"
"","","","","","","","","","Melon","16531.0015","994","22.125","80","","11.5","1770"
"","","","","","","","","","Mushroom","16531.0015","1029","26.526","38","","11.58","1007.988"
"","","","","","","","","","Onion","16531.0015","1029","20.331","136","","11.6","2765.016"
"","","","","","","","","","Papaya","16531.0015","994","44.167","30","","11.67","1325.01"
"","","","","","","","","","Peach","16531.0015","994","119.444","9","","11.52","1074.996"
"","","","","","","","","","Pears","16531.0015","994","194.615","13","","11.54","2529.995"
"","","","","","","","","","Pine Apple Rani","16531.0015","1029","97.308","13","","11.54","1265.004"
"","","","","","","","","","Pomegranate","16531.0015","1029","203.158","9.5","","11.67","1930.001"
"","","","","","","","","","Pumpkin","16531.0015","1029","8.75","20","","12.5","175"
"","","","","","","","","","Tinda","16531.0015","1029","35.286","7","","11.79","247.002"
"","","","","","","","","","Tomato","16531.0015","1029","17.677","77.5","","11.62","1369.9675"
"","","","","","","","","","Tori","16531.0015","1029","26.786","14","","10.71","375.004"
"","","","","","","","","","Water Melon","16531.0015","994","17.658","316","","11.71","5579.928"
"Sehgal Trading Co.","403","19-05-2026 16:24:00","4415","278","2026-05-19","","Pending","","Bonn Pizza Base 200Gm","16530.0015","649","45","20","","10","900"
"","","","","","","","","","Choice Brown Bread 400 Gm","16530.0015","649","55","15","","8.33","825"
"","","","","","","","","","Choice Burger Buns 225Gm","16530.0015","649","32","20","","20","640"
"","","","","","","","","","Choice Sandwich Bread 400 Gm","16530.0015","649","40","20","","11.11","800"
"","","","","","","","","","Paneer Ls","16530.0015","190","250.702","4.986","","16.43","1250.000172"
"Local Purchase","402","19-05-2026 11:57:00","45430","Charanjeet Bhenji Trust","2026-05-19","","Pending","","Terricot Fabric White","16529.0015","808","70","294","","22.22","20580"
"","","","","","","","","","Unstiched Suits 03","16529.0015","635","350","71","","22.22","24850"
"Rachna Enterprises","401","19-05-2026 11:08:00","479","C210428","2026-05-19","","Pending","","Patanjali Kesh Kanti 200 Ml Silk And Shine","16528.0015","153","75.983","6","","15.57","455.898"
"Local Purchase","400","19-05-2026 11:02:00","500","19-06-26","2026-05-19","","Pending","","Malta Orange","16527.0015","994","200","2.5","","13.04","500"
"Local Purchase","399","19-05-2026 10:15:00","1120","Bakhroti 19-05-26","2026-05-19","","Pending","","Garlic","16526.0015","1029","80","14","","20","1120"
"Leela Associates","343","13-05-2026 17:48:00","3116","26-27/Buc-12523","2026-05-13","undefined","Pending","","Amul Masti Dahi 200 Gm","16470.0015","993","20.87","48","","13.04","1001.76"
"","","","","","","","","","Amul Masti Dahi 400Gm","16470.0015","993","40.95","48","","12.87","1965.6"
"Hygienic Milk","324","2026-12-05","900","1626","2026-05-12","","Pending","","Loose Milk","16451.0015","476","45","20","","8.33","900"
"Hygienic Milk","318","2026-11-05","1800","1625","2026-05-11","","Pending","","Loose Milk","16445.0015","476","45","40","","8.33","1800"
"Hanuman Trading Co.","306","2026-10-05","900","Gst-119","2026-05-10","","Pending","","Dispo Plate 07","16433.0015","74","5.932","60","","40.68","355.92"
"","","","","","","","","","Dispo Plate 7 No","16433.0015","74","6.78","60","","32.2","406.8"
"Hygienic Milk","304","2026-10-05","625","1800","2026-05-10","","Pending","","Lmk Bc Ch 1/2","16431.0015","476","125","1","","37.5","125"
"","","","","","","","","","Lmk Pts","16431.0015","476","5","100","","44.44","500"
"Harish Kumar Huf","303","2026-10-05","22381","154","2026-05-10","","Pending","","Cotton Bath Mat","16430.0015","872","135","15","","25","2025"
"","","","","","","","","","Harish Bath Towel 24 X 48","16430.0015","819","165","6","","23.26","990"
"","","","","","","","","","Harish Bath Towel 24 X 48","16430.0015","819","135","6","","22.86","810"
"","","","","","","","","","Harish Bath Towel 27 X 54","16430.0015","819","160","6","","23.81","960"
"","","","","","","","","","Harish Bath Towel 30 X 60","16430.0015","819","85","12","","22.73","1020"
"","","","","","","","","","Harish Bath Towel 30 X 60","16430.0015","819","165","6","","23.26","990"
"","","","","","","","","","Harish Bath Towel 30 X 60","16430.0015","819","223.333","18","","25.31","4019.994"
"","","","","","","","","","Harish Bath Towel 30 X 60","16430.0015","819","215","6","","23.21","1290"
"","","","","","","","","","Harish Bath Towel 30 X 60","16430.0015","819","190","6","","24","1140"
"","","","","","","","","","Harish Bath Towel 30 X 60","16430.0015","819","150","12","","24.62","1800"
"","","","","","","","","","Harish Bath Towel 30 X 60","16430.0015","819","120","6","","22.58","720"
"","","","","","","","","","Harish Bath Towel 30 X 60","16430.0015","819","185","6","","26","1110"
"","","","","","","","","","Harish Hand Towel 16 X 24","16430.0015","819","95","36","","24","3420"
"","","","","","","","","","Harish Hand Towel 16 X 24","16430.0015","819","85","12","","22.73","1020"
"Harminder Singh & Bros","302","2026-10-05","27911","9841","2026-05-10","","Pending","","Bajaj Iron 1000W","16429.0015","1037","656.813","4","","37.45","2627.252"
"","","","","","","","","","Coffee Beater","16429.0015","201","127.125","4","","36.44","508.5"
"","","","","","","","","","Denim Iron","16429.0015","1037","330.525","3","","39.9","991.575"
"","","","","","","","","","Duralux Electric Kettle 1.8 Ltr","16429.0015","122","593.25","4","","40.62","2373"
"","","","","","","","","","Hotline Table Fan","16429.0015","1035","750.038","2","","40","1500.076"
"","","","","","","","","","Kettle 2","16429.0015","122","635.625","6","","39.46","3813.75"
"","","","","","","","","","Prince Iron","16429.0015","1037","330.525","3","","39.9","991.575"
"","","","","","","","","","Shine Star Kettle 2.0 Ltr","16429.0015","122","444.938","6","","40.67","2669.628"
"","","","","","","","","","Shinestar Electric Kettle 1.8 L","16429.0015","122","529.688","6","","41.08","3178.128"
"","","","","","","","","","Shinestar Nutri Mixer 2 Jar","16429.0015","178","974.625","2","","32.78","1949.25"
"","","","","","","","","","Skyline Induction Cooker 04","16429.0015","122","1525.5","2","","38.96","3051"
"Mutreja Watch Co","301","2026-10-05","7676","2521","2026-05-10","","Pending","","Ajanta Wall Clock","16428.0015","265","176.026","3","","41.32","528.078"
"","","","","","","","","","Ajanta Wall Clock","16428.0015","265","181.28","3","","41.52","543.84"
"","","","","","","","","","Ajanta Wall Clock","16428.0015","265","105.09","3","","41.62","315.27"
"","","","","","","","","","Ajanta Wall Clock","16428.0015","265","220.689","3","","41.92","662.067"
"","","","","","","","","","Ajanta Wall Clock","16428.0015","265","212.807","3","","41.7","638.421"
"","","","","","","","","","Ajanta Wall Clock","16428.0015","265","176.026","3","","41.32","528.078"
"","","","","","","","","","Ajanta Wall Clock","16428.0015","265","115.599","3","","41.91","346.797"
"","","","","","","","","","Orpat Alarm Clock 127","16428.0015","265","149.372","4","","36.44","597.488"
"","","","","","","","","","Orpat Alarm Clock 127","16428.0015","265","184.755","4","","36.29","739.02"
"","","","","","","","","","Orpat Alarm Clock 127","16428.0015","265","181.365","4","","36.36","725.46"
"","","","","","","","","","Orpat Alarm Clock 127","16428.0015","265","220.35","4","","36.13","881.4"
"Harminder Singh & Bros","300","2026-10-05","9000","9844","2026-05-10","","Pending","","H&B Water Bottle","16427.0015","319","238.1","12","","31.97","2857.2"
"","","","","","","","","","H&B Water Bottle","16427.0015","319","190.48","12","","36.29","2285.76"
"","","","","","","","","","Steel Bottle","16427.0015","797","142.86","24","","35.06","3428.64"
"Harminder Singh & Bros","299","2026-10-05","22100","9843","2026-05-10","","Pending","","Beverage Tumbler","16426.0015","319","576.3","3","","42.31","1728.9"
"","","","","","","","","","Beverage Tumbler","16426.0015","319","347.475","2","","31.87","694.95"
"","","","","","","","","","Cello Water Bottle","16426.0015","319","93.225","20","","28.29","1864.5"
"","","","","","","","","","Spring Home Bottle","16426.0015","1095","360.188","6","","41.43","2161.128"
"","","","","","","","","","Spring Home Bottle","16426.0015","1095","444.938","6","","40.67","2669.628"
"","","","","","","","","","Spring Home Bottle","16426.0015","1095","444.938","6","","40.67","2669.628"
"","","","","","","","","","Spring Home Bottle","16426.0015","1095","423.75","6","","41.15","2542.5"
"","","","","","","","","","Spring Home Bottle","16426.0015","1095","203.4","6","","40.18","1220.4"
"","","","","","","","","","Spring Home Bottle","16426.0015","1095","529.5","6","","41.1","3177"
"J M Traders","298","2026-10-05","44394","213","2026-05-10","","Pending","","Jm Bed Sheet Double","16425.0015","818","486.55","5","","23.2","2432.75"
"","","","","","","","","","Jm Bed Sheet Double","16425.0015","818","486.55","10","","23.2","4865.5"
"","","","","","","","","","Jm Bed Sheet Double","16425.0015","818","577.786","10","","22.96","5777.86"
"","","","","","","","","","Jm Bed Sheet Double","16425.0015","818","481.488","6","","23.57","2888.928"
"","","","","","","","","","Jm Bed Sheet Double","16425.0015","818","557.514","15","","23.1","8362.71"
"","","","","","","","","","Jm Bed Sheet Double","16425.0015","818","709.562","5","","22.45","3547.81"
"","","","","","","","","","Jm Bed Sheet Double","16425.0015","818","760.245","2","","23.21","1520.49"
"","","","","","","","","","Jm Bed Sheet Double","16425.0015","818","679.152","5","","24.45","3395.76"
"","","","","","","","","","Jm Bed Sheet Single","16425.0015","818","263.551","10","","23.61","2635.51"
"","","","","","","","","","Jm Bed Sheet Single","16425.0015","818","263.551","6","","23.61","1581.306"
"","","","","","","","","","Jm Bed Sheet Single","16425.0015","818","253.415","6","","23.21","1520.49"
"","","","","","","","","","Jm Bed Sheet Single","16425.0015","818","187.527","20","","24.99","3750.54"
"Harminder Singh & Bros","296","2026-10-05","6100","9846","2026-05-10","","Pending","","Skyline Gas Stove 3 Burner","16423.0015","1113","2584.875","2","","34.56","5169.75"
"Lakhmi Chand Tejoo Mal","295","2026-10-05","54128","Slct010815/26-27","2026-05-10","","Pending","","Tejoo Unstiched Suit 52081190","16422.0015","635","980","4","","24.56","3920"
"","","","","","","","","","Tejoo Unstiched Suit 52081190","16422.0015","635","890","4","","22.61","3560"
"","","","","","","","","","Tejoo Unstiched Suit 52081190","16422.0015","635","1620","1","","22.82","1620"
"","","","","","","","","","Tejoo Unstiched Suit 52085150","16422.0015","635","2460","3","","23.1","7380"
"","","","","","","","","","Tejoo Unstiched Suit 5407","16422.0015","635","920","4","","23.27","3680"
"","","","","","","","","","Tejoo Unstiched Suit 54075290","16422.0015","635","385","4","","22.85","1540"
"","","","","","","","","","Tejoo Unstiched Suit 54075290","16422.0015","635","1395","16","","24.59","22320"
"","","","","","","","","","Tejoo Unstiched Suit 54075420","16422.0015","635","1350","3","","22.86","4050"
"","","","","","","","","","Tejoo Unstiched Suit 5408","16422.0015","635","1160","3","","22.62","3480"
"Dashmesh Garments","294","2026-10-05","46799","13047","2026-05-10","","Pending","","Dashmesh Night Suits 01","16421.0015","1050","280","3","","23.29","840"
"","","","","","","","","","Dashmesh Night Suits 01","16421.0015","1050","200","3","","23.08","600"
"","","","","","","","","","Dashmesh Night Suits 01","16421.0015","1050","310","4","","22.31","1240"
"","","","","","","","","","Dashmesh Night Suits 01","16421.0015","1050","320","4","","22.89","1280"
"","","","","","","","","","Dashmesh Night Suits 01","16421.0015","1050","420","8","","23.64","3360"
"","","","","","","","","","Dashmesh Night Suits 01","16421.0015","1050","430","6","","23.21","2580"
"","","","","","","","","","Dashmesh Night Suits 01","16421.0015","1050","260","6","","23.53","1560"
"","","","","","","","","","Dashmesh Night Suits 01","16421.0015","1050","470","6","","23.58","2820"
"","","","","","","","","","Dashmesh Night Suits 01","16421.0015","1050","390","4","","23.53","1560"
"","","","","","","","","","Dashmesh Night Suits 01","16421.0015","1050","350","15","","23.08","5250"
"","","","","","","","","","Dashmesh Night Suits 01","16421.0015","1050","430","20","","23.21","8600"
"","","","","","","","","","Dashmesh Night Suits 01","16421.0015","1050","430","15","","23.21","6450"
"","","","","","","","","","Dashmesh Night Suits 01","16421.0015","1050","430","14","","23.21","6020"
"","","","","","","","","","Dashmesh Night Suits 01","16421.0015","1050","380","2","","23.85","760"
"","","","","","","","","","Dashmesh Nighty 01","16421.0015","90","240","4","","23.81","960"
"","","","","","","","","","Dashmesh Nighty 01","16421.0015","90","230","3","","23.08","690"
"Lakhmi Chand Tejoo Mal","293","2026-10-05","30881","Slct010814/26-27","2026-05-10","","Pending","","Tejoo Unstiched Suit 52081190","16420.0015","635","2350","4","","22.95","9400"
"","","","","","","","","","Tejoo Unstiched Suit 52081190","16420.0015","635","1220","4","","23.7","4880"
"","","","","","","","","","Tejoo Unstiched Suit 52081190","16420.0015","635","990","4","","23.79","3960"
"","","","","","","","","","Tejoo Unstiched Suit 52081190","16420.0015","635","980","4","","24.56","3920"
"","","","","","","","","","Tejoo Unstiched Suit 5407","16420.0015","635","1600","2","","23.77","3200"
"","","","","","","","","","Tejoo Unstiched Suit 5407","16420.0015","635","1350","3","","22.86","4050"
"Hygienic Milk","292","2026-10-05","1350","1624","2026-05-10","","Pending","","Loose Milk","16419.0015","476","45","30","","8.33","1350"
"Lakhmi Chand Tejoo Mal","291","2026-09-05","39837","Sltc010753/26-27","2026-05-09","","Pending","","Tejoo Unstiched Suit 5208","16418.0015","635","1499","3","","23.13","4497"
"","","","","","","","","","Tejoo Unstiched Suit 52081190","16418.0015","635","1270","4","","23.03","5080"
"","","","","","","","","","Tejoo Unstiched Suit 52081190","16418.0015","635","725","3","","23.68","2175"
"","","","","","","","","","Tejoo Unstiched Suit 52081190","16418.0015","635","810","1","","22.86","810"
"","","","","","","","","","Tejoo Unstiched Suit 52081190","16418.0015","635","525","4","","24.89","2100"
"","","","","","","","","","Tejoo Unstiched Suit 52081190","16418.0015","635","955","4","","23.6","3820"
"","","","","","","","","","Tejoo Unstiched Suit 52081190","16418.0015","635","1390","1","","22.73","1390"
"","","","","","","","","","Tejoo Unstiched Suit 52081190","16418.0015","635","495","4","","23.85","1980"
"","","","","","","","","","Tejoo Unstiched Suit 52081190","16418.0015","635","815","4","","22.38","3260"
"","","","","","","","","","Tejoo Unstiched Suit 52081190","16418.0015","635","1290","2","","24.07","2580"
"","","","","","","","","","Tejoo Unstiched Suit 52081190","16418.0015","635","730","1","","23.16","730"
"","","","","","","","","","Tejoo Unstiched Suit 52081190","16418.0015","635","725","4","","23.68","2900"
"","","","","","","","","","Tejoo Unstiched Suit 5210","16418.0015","635","1270","1","","23.03","1270"
"","","","","","","","","","Tejoo Unstiched Suit 5407","16418.0015","635","1799","2","","23.45","3598"
"","","","","","","","","","Tejoo Unstiched Suit 5515","16418.0015","635","1750","1","","23.88","1750"
"Lakhmi Chand Tejoo Mal","290","2026-09-05","62386","Slct010817/26-27","2026-05-09","","Pending","","Tejoo Unstiched Suit 5208","16417.0015","635","2185","4","","23.33","8740"
"","","","","","","","","","Tejoo Unstiched Suit 5208","16417.0015","635","655","4","","22.94","2620"
"","","","","","","","","","Tejoo Unstiched Suit 52081190","16417.0015","635","1180","4","","23.87","4720"
"","","","","","","","","","Tejoo Unstiched Suit 52081190","16417.0015","635","855","4","","22.2","3420"
"","","","","","","","","","Tejoo Unstiched Suit 52081190","16417.0015","635","1130","4","","24.62","4520"
"","","","","","","","","","Tejoo Unstiched Suit 52081190","16417.0015","635","1050","4","","24.95","4200"
"","","","","","","","","","Tejoo Unstiched Suit 5407","16417.0015","635","1070","3","","23.52","3210"
"","","","","","","","","","Tejoo Unstiched Suit 5407","16417.0015","635","1395","11","","24.59","15345"
"","","","","","","","","","Tejoo Unstiched Suit 5407","16417.0015","635","1280","3","","22.42","3840"
"","","","","","","","","","Tejoo Unstiched Suit 5407","16417.0015","635","1330","4","","24","5320"
"","","","","","","","","","Tejoo Unstiched Suit 5408","16417.0015","635","1160","3","","22.62","3480"
"Lakhmi Chand Tejoo Mal","289","2026-09-05","58217","Slct010754/26-27","2026-05-09","","Pending","","Tejoo Unstiched Suit 52081190","16416.0015","635","730","1","","23.16","730"
"","","","","","","","","","Tejoo Unstiched Suit 52081190","16416.0015","635","895","2","","22.17","1790"
"","","","","","","","","","Tejoo Unstiched Suit 52081190","16416.0015","635","920","1","","23.27","920"
"","","","","","","","","","Tejoo Unstiched Suit 52081190","16416.0015","635","1140","6","","23.95","6840"
"","","","","","","","","","Tejoo Unstiched Suit 52081190","16416.0015","635","1210","1","","24.33","1210"
"","","","","","","","","","Tejoo Unstiched Suit 52081190","16416.0015","635","725","3","","23.68","2175"
"","","","","","","","","","Tejoo Unstiched Suit 52081190","16416.0015","635","1140","4","","23.95","4560"
"","","","","","","","","","Tejoo Unstiched Suit 52085150","16416.0015","635","1050","6","","24.95","6300"
"","","","","","","","","","Tejoo Unstiched Suit 52085150","16416.0015","635","985","4","","24.17","3940"
"","","","","","","","","","Tejoo Unstiched Suit 52085150","16416.0015","635","1180","4","","23.87","4720"
"","","","","","","","","","Tejoo Unstiched Suit 52085150","16416.0015","635","1280","4","","22.42","5120"
"","","","","","","","","","Tejoo Unstiched Suit 52085150","16416.0015","635","1480","3","","24.1","4440"
"","","","","","","","","","Tejoo Unstiched Suit 52085150","16416.0015","635","1100","6","","24.14","6600"
"","","","","","","","","","Tejoo Unstiched Suit 5407","16416.0015","635","1300","2","","23.48","2600"
"","","","","","","","","","Tejoo Unstiched Suit 5515","16416.0015","635","1750","2","","23.88","3500"
"Lakhmi Chand Tejoo Mal","288","2026-09-05","73474","Slct010816/26-27","2026-05-09","","Pending","","Tejoo Unstiched Suit 5207100","16415.0015","635","1320","4","","22.31","5280"
"","","","","","","","","","Tejoo Unstiched Suit 5207100","16415.0015","635","1260","1","","23.64","1260"
"","","","","","","","","","Tejoo Unstiched Suit 5208","16415.0015","635","745","4","","25.43","2980"
"","","","","","","","","","Tejoo Unstiched Suit 5208","16415.0015","635","1845","4","","23.09","7380"
"","","","","","","","","","Tejoo Unstiched Suit 5208","16415.0015","635","2085","4","","22.75","8340"
"","","","","","","","","","Tejoo Unstiched Suit 5208","16415.0015","635","2275","4","","22.88","9100"
"","","","","","","","","","Tejoo Unstiched Suit 5208","16415.0015","635","1795","4","","23.62","7180"
"","","","","","","","","","Tejoo Unstiched Suit 5208","16415.0015","635","1420","4","","23.24","5680"
"","","","","","","","","","Tejoo Unstiched Suit 5208","16415.0015","635","1610","3","","23.3","4830"
"","","","","","","","","","Tejoo Unstiched Suit 5208","16415.0015","635","2275","3","","22.88","6825"
"","","","","","","","","","Tejoo Unstiched Suit 5208","16415.0015","635","1360","4","","24.4","5440"
"","","","","","","","","","Tejoo Unstiched Suit 5208","16415.0015","635","660","4","","22.35","2640"
"","","","","","","","","","Tejoo Unstiched Suit 5512","16415.0015","635","760","4","","23.92","3040"
"Pranav Creations Pvt Ltd","287","2026-09-05","68035","Pl26-27/4418","2026-05-09","","Pending","","Pranav Unstiched Suits 5208","16414.0015","635","1220","2","","23.7","2440"
"","","","","","","","","","Pranav Unstiched Suits 5208","16414.0015","635","1175","2","","24.19","2350"
"","","","","","","","","","Pranav Unstiched Suits 5208","16414.0015","635","825","2","","24.93","1650"
"","","","","","","","","","Pranav Unstiched Suits 5208","16414.0015","635","1170","1","","24.52","1170"
"","","","","","","","","","Pranav Unstiched Suits 5208","16414.0015","635","1225","2","","23.39","2450"
"","","","","","","","","","Pranav Unstiched Suits 5208","16414.0015","635","1235","1","","22.76","1235"
"","","","","","","","","","Pranav Unstiched Suits 5208","16414.0015","635","890","2","","25.77","1780"
"","","","","","","","","","Pranav Unstiched Suits 5208","16414.0015","635","690","1","","23.25","690"
"","","","","","","","","","Pranav Unstiched Suits 5208","16414.0015","635","1055","2","","24.59","2110"
"","","","","","","","","","Pranav Unstiched Suits 5208","16414.0015","635","545","1","","22.03","545"
"","","","","","","","","","Pranav Unstiched Suits 5208","16414.0015","635","850","1","","22.66","850"
"","","","","","","","","","Pranav Unstiched Suits 5208","16414.0015","635","995","2","","23.4","1990"
"","","","","","","","","","Pranav Unstiched Suits 5208","16414.0015","635","985","1","","24.17","985"
"","","","","","","","","","Pranav Unstiched Suits 5208","16414.0015","635","730","1","","23.16","730"
"","","","","","","","","","Pranav Unstiched Suits 5208","16414.0015","635","700","2","","22.14","1400"
"","","","","","","","","","Pranav Unstiched Suits 5208","16414.0015","635","1130","1","","24.62","1130"
"","","","","","","","","","Pranav Unstiched Suits 5208","16414.0015","635","1245","2","","24.55","2490"
"","","","","","","","","","Pranav Unstiched Suits 5208","16414.0015","635","1025","1","","24.07","1025"
"","","","","","","","","","Pranav Unstiched Suits 5407","16414.0015","635","1515","4","","24.21","6060"
"","","","","","","","","","Pranav Unstiched Suits 5407","16414.0015","635","930","1","","22.44","930"
"","","","","","","","","","Pranav Unstiched Suits 5407","16414.0015","635","1515","4","","24.21","6060"
"","","","","","","","","","Pranav Unstiched Suits 5407","16414.0015","635","1190","8","","23.23","9520"
"","","","","","","","","","Pranav Unstiched Suits 5407","16414.0015","635","795","4","","24.29","3180"
"","","","","","","","","","Pranav Unstiched Suits 5407","16414.0015","635","815","3","","25.84","2445"
"","","","","","","","","","Pranav Unstiched Suits 5407","16414.0015","635","1250","4","","24.24","5000"
"","","","","","","","","","Pranav Unstiched Suits 5407","16414.0015","635","1145","4","","23.62","4580"
"Hygienic Milk","285","2026-09-05","1500","1799","2026-05-09","","Pending","","Fruit Buns 4 Pcs Pack","16410.0015","476","25","20","","20","500"
"","","","","","","","","","Lmk Bc Vn","16410.0015","476","250","1.5","","28.57","375"
"","","","","","","","","","Lmk Bc Vn 1/2 Kg","16410.0015","476","125","1","","37.5","125"
"","","","","","","","","","Lmk Pts","16410.0015","476","5","100","","44.44","500"
"Hygienic Milk","284","2026-09-05","900","1623","2026-05-09","","Pending","","Loose Milk","16409.0015","476","45","20","","8.33","900"
"Hygienic Milk","283","2026-08-05","245","1798","2026-05-08","","Pending","","Khoya Plain","16408.0015","476","490","0.5","","10.91","245"
"M/S Shashi Bhushan Manoj Kumar Aeron","282","2026-08-05","7927","1505(Gc)","2026-05-08","","Pending","","Cabbage","16407.0015","1029","10","33","","16.67","330"
"","","","","","","","","","Capsicum","16407.0015","1029","8","21","","11.11","168"
"","","","","","","","","","Cucumber","16407.0015","1029","18","3","","14.29","54"
"","","","","","","","","","Garlic","16407.0015","1029","110","3","","15.38","330"
"","","","","","","","","","Ginger","16407.0015","1029","130","3","","13.33","390"
"","","","","","","","","","Green Chilli","16407.0015","1029","33","3","","13.16","99"
"","","","","","","","","","Hara Dhania","16407.0015","1029","27","3","","15.63","81"
"","","","","","","","","","Lemon","16407.0015","1029","4.8","50","","12","240"
"","","","","","","","","","Onion","16407.0015","1029","21","69.5","","12.5","1459.5"
"","","","","","","","","","Pizza Cheese 1Kg","16407.0015","815","470","6","","21.67","2820"
"","","","","","","","","","Potato","16407.0015","1029","10","100","","11.79","1000"
"","","","","","","","","","Seviyan 1 Kg","16407.0015","530","63.733","15","","20.33","955.995"
"M/S Shashi Bhushan Manoj Kumar Aeron","281","2026-08-05","51935","1506-1507-1508-1509","2026-05-08","","Pending","","Arbi","16406.0015","1029","44","3","","12","132"
"","","","","","","","","","Banana Kg","16406.0015","1029","37.129","104.5","","11.6","3879.9805"
"","","","","","","","","","Bitter Gourd","16406.0015","1029","13.259","13.5","","11.61","178.9965"
"","","","","","","","","","Brinjal","16406.0015","1029","26.5","4","","11.67","106"
"","","","","","","","","","Brinjal Long","16406.0015","1029","30.9","10","","11.71","309"
"","","","","","","","","","Broccoli","16406.0015","1029","48.6","10","","11.64","486"
"","","","","","","","","","Cabbage","16406.0015","1029","13.267","15","","11.55","199.005"
"","","","","","","","","","Capsicum","16406.0015","1029","8.81","21","","11.9","185.01"
"","","","","","","","","","Carrot","16406.0015","1029","26.533","15","","11.56","397.995"
"","","","","","","","","","Cauliflower","16406.0015","1029","22.122","24.5","","11.51","541.989"
"","","","","","","","","","Cholai Saag","16406.0015","1029","13.2","10","","12","132"
"","","","","","","","","","Chukander","16406.0015","1029","35.4","10","","11.5","354"
"","","","","","","","","","Cucumber","16406.0015","1029","22.125","40","","11.5","885"
"","","","","","","","","","Daab Coconut","16406.0015","1029","75.125","40","","11.62","3005"
"","","","","","","","","","Ginger","16406.0015","1029","133","5","","11.33","665"
"","","","","","","","","","Green Chilli","16406.0015","1029","35.4","10","","11.5","354"
"","","","","","","","","","Guava","16406.0015","994","88.444","9","","11.56","795.996"
"","","","","","","","","","Hara Dhania","16406.0015","1029","30.9","10","","11.71","309"
"","","","","","","","","","Kheera Desi","16406.0015","994","13.275","40","","11.5","531"
"","","","","","","","","","Lady Finger","16406.0015","994","35.2","25","","12","880"
"","","","","","","","","","Lemon","16406.0015","1029","5.3","350","","11.67","1855"
"","","","","","","","","","Loki","16406.0015","1029","10.6","10","","11.67","106"
"","","","","","","","","","Malta Orange","16406.0015","994","137","15","","11.61","2055"
"","","","","","","","","","Mango","16406.0015","994","79.559","68","","11.6","5410.012"
"","","","","","","","","","Mango Tota","16406.0015","994","57.5","24","","11.54","1380"
"","","","","","","","","","Matar","16406.0015","1029","57.385","13","","11.72","746.005"
"","","","","","","","","","Melon","16406.0015","994","26.51","96","","11.63","2544.96"
"","","","","","","","","","Onion","16406.0015","1029","21.238","214","","11.51","4544.932"
"","","","","","","","","","Papaya","16406.0015","994","44.25","40","","11.5","1770"
"","","","","","","","","","Parwal","16406.0015","1029","53","5","","11.67","265"
"","","","","","","","","","Pears","16406.0015","994","168.077","13","","11.54","2185.001"
"","","","","","","","","","Pine Apple Rani","16406.0015","1029","75.079","12.6","","11.67","945.9954"
"","","","","","","","","","Pomegranate","16406.0015","1029","207.368","9.5","","11.76","1969.996"
"","","","","","","","","","Potato","16406.0015","1029","10.6","200","","11.67","2120"
"","","","","","","","","","Pumpkin","16406.0015","1029","8.833","18","","11.67","158.994"
"","","","","","","","","","Radish","16406.0015","1029","22","6","","12","132"
"","","","","","","","","","Semfali","16406.0015","1029","48.6","5","","11.64","243"
"","","","","","","","","","Tarr Kakdi","16406.0015","1029","17.6","5","","12","88"
"","","","","","","","","","Tinda","16406.0015","1029","44","5","","12","220"
"","","","","","","","","","Tomato","16406.0015","1029","13.254","126","","11.64","1670.004"
"","","","","","","","","","Tori","16406.0015","1029","39.643","14","","11.9","555.002"
"","","","","","","","","","Water Melon","16406.0015","994","15.342","433","","14.77","6643.086"
"Hygienic Milk","280","2026-08-05","1019","1797","2026-05-08","","Pending","","Atta Bread 400Gm","16405.0015","476","19.7","20","","34.33","394"
"","","","","","","","","","Lmk Bc Ch 1/2","16405.0015","476","125","1","","37.5","125"
"","","","","","","","","","Lmk Pts","16405.0015","476","5","100","","44.44","500"
"Hygienic Milk","279","2026-08-05","675","1622","2026-05-08","","Pending","","Loose Milk","16404.0015","476","45","15","","8.33","675"
"Hygienic Milk","278","2026-07-05","550","1796","2026-05-07","","Pending","","Khoya Burfi","16402.0015","476","550","1","","8.33","550"
"Sai Industries","276","2026-07-05","13083","75","2026-05-07","","Pending","","Packing Carry Bag","16400.0015","438","178","70","","","12460"
"Hygienic Milk","275","2026-07-05","66600","1794","2026-05-07","","Pending","","Chakki Atta","16393.0015","1025","36","100","","14.29","3600"
"","","","","","","","","","Loose Desi Ghee","16393.0015","154","900","70","","10","63000"
"Hygienic Milk","274","2026-07-05","625","1793","2026-05-07","","Pending","","Lmk Bc Vn 1/2 Kg","16392.0015","476","125","1","","37.5","125"
"","","","","","","","","","Lmk Pts","16392.0015","476","5","100","","44.44","500"
"Hygienic Milk","273","2026-07-05","2200","1621","2026-05-07","","Pending","","Loose Milk","16391.0015","476","55","40","","8.33","2200"
"Hygienic Milk","271","2026-06-05","1125","1792","2026-05-06","","Pending","","Fruit Buns 4 Pcs Pack","16387.0015","476","25","20","","20","500"
"","","","","","","","","","Lmk Bc Vn 1/2 Kg","16387.0015","476","125","1","","37.5","125"
"","","","","","","","","","Lmk Pts","16387.0015","476","5","100","","44.44","500"
"Hygienic Milk","269","2026-06-05","825","1620","2026-05-06","","Pending","","Loose Milk","16382.0015","476","55","15","","8.33","825"
"Hygienic Milk","268","2026-05-05","1394","1791","2026-05-05","","Pending","","Atta Bread 400Gm","16381.0015","476","19.7","20","","34.33","394"
"","","","","","","","","","Lmk Pts","16381.0015","476","5","100","","44.44","500"
"","","","","","","","","","Rusk","16381.0015","476","25","20","","16.67","500"
"M/S Shashi Bhushan Manoj Kumar Aeron","267","2026-05-05","9092","1698(Gc)","2026-05-05","","Pending","","Aloo French Fries","16380.0015","445","70.686","17.5","","21.46","1237.005"
"","","","","","","","","","Cabbage","16380.0015","1029","11","55","","12.82","605"
"","","","","","","","","","Capsicum","16380.0015","1029","11","5","","15.38","55"
"","","","","","","","","","Cucumber","16380.0015","1029","14","3","","12.5","42"
"","","","","","","","","","Hara Dhania","16380.0015","1029","30","3","","14.29","90"
"","","","","","","","","","Mango","16380.0015","994","80","13","","11.11","1040"
"","","","","","","","","","Pagro Frozen Green Peas 5 Kg","16380.0015","445","300","1","","38.14","300"
"","","","","","","","","","Pizza Cheese 1Kg","16380.0015","815","474.8","10","","20.87","4748"
"","","","","","","","","","Seviyan 1 Kg","16380.0015","530","60","10","","14.29","600"
"","","","","","","","","","Vegetable Mix Veg","16380.0015","1029","75","5","","11.76","375"
"M/S Shashi Bhushan Manoj Kumar Aeron","266","2026-05-05","52559","1694-1695-1696-1697","2026-05-05","","Pending","","Apple","16379.0015","994","141.5","20","","11.56","2830"
"","","","","","","","","","Apple Golden","16379.0015","994","203.5","20","","11.52","4070"
"","","","","","","","","","Apple Improted","16379.0015","994","238.611","18","","13.23","4294.998"
"","","","","","","","","","Banana Kg","16379.0015","1029","37.174","92","","11.49","3420.008"
"","","","","","","","","","Bitter Gourd","16379.0015","1029","17.692","13","","11.54","229.996"
"","","","","","","","","","Cabbage","16379.0015","1029","17.619","10.5","","11.91","184.9995"
"","","","","","","","","","Capsicum","16379.0015","1029","17.65","20","","11.75","353"
"","","","","","","","","","Carrot","16379.0015","1029","26.5","10","","11.67","265"
"","","","","","","","","","Cauliflower","16379.0015","1029","17.593","27","","12.04","475.011"
"","","","","","","","","","Cholai Saag","16379.0015","1029","13.2","5","","12","66"
"","","","","","","","","","Chukander","16379.0015","1029","39.8","10","","11.56","398"
"","","","","","","","","","Cucumber","16379.0015","1029","17.625","40","","11.88","705"
"","","","","","","","","","Daab Coconut","16379.0015","1029","80","20","","11.11","1600"
"","","","","","","","","","Dragon Fruit","16379.0015","994","62","20","","11.43","1240"
"","","","","","","","","","Ginger","16379.0015","1029","159","5","","11.67","795"
"","","","","","","","","","Green Beans","16379.0015","1029","57.467","15","","11.59","862.005"
"","","","","","","","","","Green Chilli","16379.0015","1029","44","10","","12","440"
"","","","","","","","","","Guava","16379.0015","994","97.368","9.5","","11.48","924.996"
"","","","","","","","","","Hara Dhania","16379.0015","1029","35","5","","12.5","175"
"","","","","","","","","","Kheera Desi","16379.0015","994","13.244","41","","11.71","543.004"
"","","","","","","","","","Kiwi","16379.0015","1029","39.75","60","","11.67","2385"
"","","","","","","","","","Lady Finger","16379.0015","994","35.345","29","","11.64","1025.005"
"","","","","","","","","","Lemon","16379.0015","1029","5.32","250","","11.33","1330"
"","","","","","","","","","Loki","16379.0015","1029","10.636","11","","11.37","116.996"
"","","","","","","","","","Malta Orange","16379.0015","994","137","15","","11.61","2055"
"","","","","","","","","","Mango","16379.0015","994","88.491","53","","11.51","4690.023"
"","","","","","","","","","Mango Safeda","16379.0015","994","123.636","11","","11.69","1359.996"
"","","","","","","","","","Mango Tota","16379.0015","994","70.455","11","","11.93","775.005"
"","","","","","","","","","Matar","16379.0015","1029","57.5","10","","11.54","575"
"","","","","","","","","","Melon","16379.0015","994","26.5","100","","11.67","2650"
"","","","","","","","","","Mushroom","16379.0015","1029","35.4","25","","11.5","885"
"","","","","","","","","","Onion","16379.0015","1029","22.059","51","","11.76","1125.009"
"","","","","","","","","","Papaya","16379.0015","994","44.217","41.5","","11.57","1835.0055"
"","","","","","","","","","Pears","16379.0015","994","167.692","13","","11.74","2179.996"
"","","","","","","","","","Pomegranate","16379.0015","1029","238.889","9","","11.52","2150.001"
"","","","","","","","","","Potato","16379.0015","1029","11.5","100","","11.54","1150"
"","","","","","","","","","Pumpkin","16379.0015","1029","8.75","20","","12.5","175"
"","","","","","","","","","Tarr Kakdi","16379.0015","1029","13.143","7","","12.38","92.001"
"","","","","","","","","","Tinda","16379.0015","1029","48.6","5","","11.64","243"
"","","","","","","","","","Tomato","16379.0015","1029","17.619","73.5","","11.91","1294.9965"
"","","","","","","","","","Tori","16379.0015","1029","39.667","15","","11.85","595.005"
"Hygienic Milk","265","2026-05-05","1925","1619","2026-05-05","","Pending","","Loose Milk","16378.0015","476","55","35","","8.33","1925"
"Local Purchase","264","2026-04-05","1125","Rajesh Kamal","2026-05-04","","Pending","","Strawberrys","16377.0015","1029","125","9","","16.67","1125"
"Hygienic Milk","263","2026-04-05","1519","1789","2026-05-04","","Pending","","Atta Bread 400Gm","16376.0015","476","19.7","20","","34.33","394"
"","","","","","","","","","Fruit Buns 4 Pcs Pack","16376.0015","476","25","20","","20","500"
"","","","","","","","","","Lmk Bc Ch 1/2","16376.0015","476","125","1","","37.5","125"
"","","","","","","","","","Lmk Pts","16376.0015","476","5","100","","44.44","500"
"Hygienic Milk","262","2026-04-05","1375","1618","2026-05-04","","Pending","","Loose Milk","16375.0015","476","55","25","","8.33","1375"
"Local Purchase","261","2026-04-05","570","Macher(Vasni)","2026-05-04","","Pending","","Apricot","16374.0015","1029","24.783","23","","29.19","570.009"
"Hygienic Milk","260","2026-03-05","270","1788","2026-05-03","","Pending","","Lmk Cr","16373.0015","476","9","30","","40","270"
"Hygienic Milk","259","2026-03-05","750","1787","2026-05-03","","Pending","","Lmk Bc Ch","16372.0015","476","250","3","","37.5","750"
"Hygienic Milk","258","2026-03-05","500","1786","2026-05-03","","Pending","","Lmk Pts","16371.0015","476","5","100","","44.44","500"
"Hygienic Milk","257","2026-03-05","1100","1617","2026-05-03","","Pending","","Loose Milk","16370.0015","476","55","20","","8.33","1100"
"Hygienic Milk","256","2026-02-05","980","1785","2026-05-02","","Pending","","Khoya Plain","16369.0015","476","490","2","","10.91","980"
"Hygienic Milk","255","2026-02-05","250",".1784","2026-05-02","","Pending","","Gj Gulab Jamun","16368.0015","476","250","1","","16.67","250"
"Local Purchase","251","2026-02-05","3150","Charanjeet Dee Ji Trust","2026-05-02","","Pending","","Speedex Water Bottle 1000 Ml Atelier","16364.0015","319","350","9","","56.2","3150"
"Hygienic Milk","249","2026-02-05","825","1616","2026-05-02","","Pending","","Loose Milk","16362.0015","476","55","15","","8.33","825"
"Hygienic Milk","248","2026-01-05","125","1790","2026-05-03","","Pending","","Lmk Bc Ch 1/2","16361.0015","476","125","1","","37.5","125"
"Hygienic Milk","247","2026-01-05","250","1781","2026-05-01","","Pending","","Lmk Bc Vn","16360.0015","476","250","1","","28.57","250"
"Cold Store Baru Sahib Customer","245","2026-01-05","302","1782","2026-05-01","","Pending","","Capsicum","16358.0015","1029","12","5","","20","60"
"","","","","","","","","","Carrot","16358.0015","1029","14","8","","12.5","112"
"","","","","","","","","","Cauliflower","16358.0015","1029","26","5","","13.33","130"
"Hygienic Milk","244","2026-01-05","1100","1615","2026-05-01","","Pending","","Loose Milk","16357.0015","476","55","20","","8.33","1100"

"TOTALS","","","₹18,02,758"